landmark_0_x,landmark_0_y,landmark_1_x,landmark_1_y,landmark_2_x,landmark_2_y,landmark_3_x,landmark_3_y,landmark_4_x,landmark_4_y,landmark_5_x,landmark_5_y,landmark_6_x,landmark_6_y,landmark_7_x,landmark_7_y,landmark_8_x,landmark_8_y,landmark_9_x,landmark_9_y,landmark_10_x,landmark_10_y,landmark_11_x,landmark_11_y,landmark_12_x,landmark_12_y,landmark_13_x,landmark_13_y,landmark_14_x,landmark_14_y,landmark_15_x,landmark_15_y,landmark_16_x,landmark_16_y,landmark_17_x,landmark_17_y,landmark_18_x,landmark_18_y,landmark_19_x,landmark_19_y,landmark_20_x,landmark_20_y,landmark_21_x,landmark_21_y,landmark_22_x,landmark_22_y,landmark_23_x,landmark_23_y,landmark_24_x,landmark_24_y,landmark_25_x,landmark_25_y,landmark_26_x,landmark_26_y,landmark_27_x,landmark_27_y,landmark_28_x,landmark_28_y,landmark_29_x,landmark_29_y,landmark_30_x,landmark_30_y,landmark_31_x,landmark_31_y,landmark_32_x,landmark_32_y,exercise
0.797999382,0.219803393,0.791053534,0.195073456,0.788504362,0.193431556,0.785578728,0.191454381,0.792611241,0.198143572,0.791577935,0.198710233,0.790437102,0.199294567,0.763283312,0.195259988,0.773002386,0.209108829,0.788560152,0.239783585,0.789834857,0.242156327,0.689748883,0.285428077,0.743058801,0.350343823,0.679434776,0.47585845,0.708335578,0.57037884,0.699495673,0.614395976,0.725467682,0.779322863,0.723117292,0.615309656,0.752575099,0.793976724,0.726806045,0.619142592,0.757281303,0.77891314,0.717690408,0.626167655,0.746814847,0.777047515,0.518497229,0.570439637,0.529217482,0.653744578,0.333448589,0.601003826,0.318008721,0.719127178,0.198477149,0.571294606,0.122372031,0.706731915,0.174162239,0.547339737,0.109353542,0.669045806,0.126884609,0.627167344,0.066536546,0.742828488,abdominal stretch
0.770563722,0.356609374,0.760337412,0.330978096,0.758994401,0.331574976,0.757331789,0.332411617,0.757849753,0.334889293,0.755062103,0.337930083,0.752019644,0.340771228,0.734645486,0.35825035,0.729017317,0.364993244,0.765085578,0.391991615,0.76220274,0.394599169,0.684575617,0.519686222,0.68094492,0.550705671,0.665983796,0.712470651,0.646256924,0.78942585,0.728494525,0.821915507,0.743495941,0.920007586,0.755748153,0.825720131,0.779251873,0.927285254,0.759446383,0.826716125,0.784052193,0.908106148,0.750177801,0.830225289,0.773290932,0.90219599,0.533238649,0.789541483,0.531088233,0.841158807,0.330379903,0.812267125,0.31779784,0.859758675,0.152453721,0.817799032,0.116701983,0.866275191,0.129093707,0.777484655,0.091166407,0.837985098,0.103013992,0.874774337,0.072891444,0.908238888,abdominal stretch
0.740556598,0.280336529,0.731708944,0.271333545,0.732580066,0.273031801,0.733304203,0.274792761,0.727911592,0.272311747,0.726391315,0.274573147,0.724661291,0.276787251,0.726224065,0.301867753,0.71882093,0.305183023,0.747190952,0.31354636,0.745521486,0.313306749,0.711709738,0.432556987,0.751253664,0.440968245,0.727465987,0.643391669,0.773141146,0.667955875,0.746854246,0.835810006,0.789557457,0.883195639,0.768686652,0.842935085,0.814375401,0.90582341,0.77611208,0.859615266,0.817825615,0.901793361,0.763484716,0.859256387,0.807804048,0.896617711,0.629234195,0.757500052,0.62362951,0.774239838,0.431785405,0.878717482,0.396837026,0.869979858,0.273885518,0.874427795,0.1575903,0.85370189,0.253289193,0.844924569,0.132668197,0.813505232,0.208766401,0.936294913,0.064471781,0.915371895,abdominal stretch
0.678221285,0.169875294,0.697510839,0.155521572,0.700832605,0.159008324,0.704342663,0.162018031,0.694183707,0.152093917,0.695061505,0.153816283,0.696081698,0.155334413,0.723706543,0.198435903,0.711233497,0.185278118,0.677066922,0.211797774,0.673634946,0.212354541,0.732850432,0.39696604,0.627396226,0.33295393,0.597744226,0.339715481,0.531986177,0.343573272,0.679224253,0.170503825,0.634429038,0.204039335,0.712275147,0.145617664,0.679276049,0.173053056,0.726335645,0.167695194,0.68723166,0.179176539,0.717598915,0.177241564,0.675723791,0.198440731,0.478099197,0.679457009,0.444911033,0.596012533,0.350579441,0.518420279,0.497964352,0.189986825,0.093960315,0.798686147,0.265967548,0.469230473,0.082384586,0.884177625,0.249560058,0.561016858,-0.062778622,0.781001925,0.133093894,0.418619156,Bicycle crunches
0.700133383,0.601882696,0.713367939,0.597820103,0.716719031,0.602428555,0.719986498,0.606552422,0.701549947,0.584245563,0.697997332,0.580325603,0.694732189,0.576607168,0.722197294,0.620340884,0.691160738,0.5808779,0.698838294,0.625997961,0.684894264,0.608808041,0.699649215,0.711870611,0.627857506,0.616972864,0.816824555,0.696120679,0.579031825,0.515863597,0.751084566,0.608680606,0.678787887,0.53469789,0.737596035,0.586582541,0.699421763,0.546620846,0.730323195,0.600830555,0.69567132,0.560045719,0.731315255,0.610499203,0.688154578,0.560552537,0.511145592,0.726718366,0.490629822,0.694551826,0.526627183,0.465057671,0.32490018,0.702860534,0.359417081,0.438570321,0.168333858,0.694896638,0.337660551,0.480343968,0.152470887,0.732813299,0.282203913,0.356585652,0.101665974,0.631725073,Bicycle crunches
0.310260832,0.42983669,0.300479114,0.412528664,0.299209684,0.411847532,0.297825992,0.411300361,0.298847556,0.414806902,0.296365678,0.415699095,0.293678761,0.416529,0.28174597,0.421804428,0.277907073,0.426333994,0.30859524,0.444993883,0.307003707,0.447950751,0.285913408,0.481649011,0.271148682,0.528268695,0.349251866,0.502384186,0.375256449,0.489528596,0.295298755,0.476764441,0.303003252,0.454659164,0.284880459,0.472150385,0.278865337,0.439980745,0.260282755,0.464746296,0.273254812,0.45236358,0.266340584,0.471035004,0.281639367,0.45893684,0.426018447,0.609136701,0.429498732,0.673633575,0.417066246,0.391875595,0.593983293,0.567167878,0.568070352,0.521031737,0.765150785,0.532729328,0.567957938,0.56855917,0.789586127,0.556824565,0.626417696,0.530117393,0.834785819,0.429555357,Bicycle crunches
0.283705056,0.346844852,0.287355155,0.318032682,0.28933394,0.31624192,0.291565239,0.314457119,0.287947059,0.319164097,0.290210336,0.318211347,0.292731166,0.317085862,0.31223771,0.312655628,0.312513888,0.313372582,0.294655859,0.365798682,0.294930607,0.365352988,0.353385508,0.374971688,0.381871164,0.38790822,0.238909483,0.425906241,0.395023406,0.561186731,0.136430025,0.420189857,0.377181411,0.737678766,0.115554988,0.408901572,0.356461704,0.750187635,0.116467327,0.399440706,0.35467577,0.752798259,0.12307629,0.403802097,0.363105416,0.75075829,0.577145576,0.513682306,0.588527918,0.482111096,0.5884341,0.785007477,0.740935326,0.501784861,0.740903735,0.748618364,0.888230443,0.485991985,0.754597664,0.71903044,0.902723312,0.470874906,0.802049041,0.806389153,0.933439851,0.575478137,bird dog
0.712789297,0.547227383,0.718212128,0.530335546,0.718127668,0.529008627,0.718105435,0.527442932,0.715514779,0.526250601,0.713670015,0.52278012,0.711788177,0.51874584,0.703798652,0.506754279,0.69753933,0.500264645,0.701311946,0.548628211,0.69797951,0.542805731,0.648304522,0.518081903,0.630426168,0.539171636,0.740970612,0.509843469,0.626443505,0.724196196,0.824171066,0.483864844,0.627793133,0.883546829,0.844274282,0.461900234,0.648743272,0.90321964,0.846314073,0.459126472,0.652334869,0.893920481,0.840632558,0.464662045,0.645076215,0.888621688,0.470112205,0.619121313,0.454946816,0.582710266,0.462261766,0.855034053,0.329674125,0.537646532,0.335744917,0.811426818,0.21102348,0.405041903,0.313115865,0.777559698,0.208429754,0.364858389,0.298122704,0.88214922,0.149350435,0.420930147,bird dog
0.252813339,0.75010252,0.237875521,0.755863905,0.237565964,0.756488144,0.237340659,0.757447362,0.23694846,0.762480378,0.23606199,0.767892957,0.235176444,0.774287641,0.239601821,0.7868402,0.235828251,0.805888116,0.268815458,0.758535445,0.268087894,0.765773237,0.331702024,0.796370089,0.316642761,0.855952501,0.447688252,0.826902807,0.445454746,0.877725422,0.539843857,0.830114782,0.561921179,0.892682672,0.574597418,0.831712425,0.602544487,0.900640368,0.576099157,0.832481027,0.60611403,0.89075619,0.564075828,0.834667206,0.592360616,0.883893549,0.528122127,0.663324416,0.531805694,0.68276763,0.681622803,0.56460762,0.691773534,0.568023205,0.693433881,0.822572291,0.719878793,0.853367746,0.681757629,0.858173788,0.71565932,0.886523962,0.765907109,0.865930676,0.816242993,0.902375579,Bridge
0.094281971,0.497261226,0.076459825,0.51925993,0.076572984,0.523097038,0.076742381,0.527346611,0.075955391,0.52113235,0.075691938,0.526134491,0.075375944,0.531715155,0.086186111,0.564153731,0.083046257,0.572391987,0.115007274,0.509079039,0.114353329,0.511637688,0.196326256,0.563784003,0.174081445,0.634006917,0.362532675,0.592060149,0.349910259,0.656807363,0.496032864,0.60643822,0.496529013,0.651584864,0.539972603,0.621272147,0.542822659,0.678057015,0.545012176,0.622501612,0.548144639,0.66584295,0.527890801,0.613332093,0.530157149,0.650165796,0.477723956,0.427613169,0.482234687,0.448256463,0.684140921,0.247537628,0.702544928,0.234499738,0.760896802,0.547019839,0.779533088,0.583392382,0.747458994,0.612784922,0.760677516,0.638807058,0.85307169,0.599878967,0.894889772,0.661955774,Bridge
0.328221232,0.611746907,0.313847154,0.625015736,0.313806713,0.626510262,0.313766122,0.628597379,0.31401214,0.631022632,0.314043045,0.636826277,0.313918054,0.643904328,0.320951045,0.662046552,0.319371253,0.6848315,0.345482558,0.61884886,0.345257372,0.626698554,0.407111108,0.650847912,0.408256352,0.755552948,0.520302236,0.662954211,0.529824138,0.80643785,0.611176014,0.664033175,0.642699778,0.832896352,0.63908273,0.662523627,0.676676989,0.857519805,0.641327262,0.668591022,0.678650022,0.837600112,0.633603036,0.671303809,0.667882323,0.820860445,0.596275508,0.527608514,0.610400438,0.594160438,0.722162962,0.358095556,0.755422235,0.403914124,0.734416187,0.628197134,0.772568643,0.712562501,0.729254127,0.676909804,0.752281189,0.767386198,0.80301553,0.694285691,0.849189639,0.752657175,Bridge
0.849617124,0.684026659,0.864498615,0.705852211,0.86528945,0.711366236,0.866343439,0.717764974,0.86340785,0.703812122,0.863341331,0.707320929,0.863501191,0.71160537,0.861336708,0.758848727,0.858134747,0.747515082,0.835886359,0.691062868,0.834661365,0.688510776,0.798123121,0.812064767,0.758188426,0.746487021,0.669862032,0.860713124,0.615984678,0.781978011,0.538870394,0.855564237,0.480703056,0.785385191,0.492297232,0.865947843,0.446704924,0.793345094,0.48601082,0.851275802,0.444168091,0.800553203,0.497550666,0.841846704,0.457353055,0.797264218,0.550551653,0.633569479,0.532212913,0.603810966,0.35096398,0.353584528,0.332810342,0.358895421,0.262992114,0.76398772,0.249469936,0.730579138,0.275747418,0.834749222,0.255000204,0.807469904,0.152647734,0.83423388,0.143041551,0.799001813,Bridge
0.271988332,0.488682866,0.269139946,0.465741575,0.272931576,0.460038364,0.276515663,0.454320729,0.258298606,0.482627451,0.254514575,0.488525271,0.250694215,0.494994581,0.280130535,0.455098629,0.245769978,0.511995494,0.284457356,0.492787421,0.27330029,0.51491344,0.329258531,0.463172644,0.271098942,0.62291044,0.390827894,0.395382196,0.186801523,0.683426261,0.306767762,0.402631283,0.218569323,0.517341912,0.287103117,0.40845108,0.226080686,0.485536993,0.286411822,0.421712846,0.233252764,0.492539346,0.293004096,0.423651934,0.234132126,0.507137299,0.46588403,0.542879283,0.467227548,0.600334466,0.606251836,0.531601131,0.410538912,0.360696256,0.748341978,0.547688246,0.547415435,0.430224836,0.77500391,0.5838328,0.565648377,0.458759844,0.788390934,0.461700052,0.602745593,0.348111123,Bicycle crunches
0.703141749,0.565323532,0.713155627,0.545431674,0.713229299,0.542812288,0.713355422,0.539947093,0.71296382,0.543534636,0.712843537,0.539582312,0.712676287,0.535363317,0.704181492,0.514137089,0.703125894,0.510947883,0.691787422,0.563901544,0.691251814,0.560502291,0.616496325,0.519842327,0.636313796,0.549747705,0.596736431,0.700053871,0.613319278,0.726045847,0.599343777,0.834144235,0.621390641,0.901765525,0.614648223,0.835983932,0.641206563,0.914089143,0.61985451,0.842654943,0.642492592,0.904136419,0.613629878,0.846941113,0.636220336,0.900760412,0.45138368,0.596640587,0.449570745,0.584626973,0.45587483,0.825087547,0.29753834,0.61254251,0.334899783,0.754551888,0.311615735,0.362303287,0.311002135,0.725912333,0.331962764,0.322643965,0.315965146,0.847673655,0.266838372,0.316585124,Donkey kick
0.845227599,0.390141398,0.851169705,0.364352643,0.850178361,0.36208576,0.849012494,0.35940063,0.849737287,0.361921728,0.847712278,0.358126104,0.845413148,0.353893727,0.82795012,0.339722216,0.825759411,0.338244528,0.826520085,0.403335571,0.825903952,0.398682237,0.712666631,0.380565643,0.734122634,0.414290339,0.687026203,0.610597312,0.700438738,0.645486116,0.696114957,0.789663494,0.715413511,0.843805313,0.723465919,0.794767976,0.750530243,0.861288428,0.728588939,0.799359679,0.752045989,0.85056603,0.717391253,0.803046823,0.740053535,0.844842076,0.464339137,0.46169132,0.483583778,0.508946896,0.273636997,0.486356348,0.475081742,0.816003621,0.265884519,0.211985201,0.274039865,0.719224572,0.284082621,0.153086782,0.233166859,0.68293643,0.191959262,0.160144717,0.25249666,0.838253379,Donkey kick
0.841356874,0.43948248,0.858833313,0.427188516,0.859061241,0.424593329,0.859622896,0.421388447,0.860216081,0.421427965,0.861169279,0.415320933,0.862456083,0.408291727,0.85754931,0.365718752,0.859778404,0.357751906,0.824253619,0.423515439,0.824361384,0.41680336,0.747014701,0.299878359,0.781931281,0.306762069,0.725198984,0.502948284,0.775762737,0.575562298,0.741158843,0.69955647,0.782794416,0.821926653,0.762866974,0.707936645,0.820168614,0.845430791,0.766902387,0.713272929,0.824282825,0.833019614,0.75887543,0.716563582,0.811453104,0.82343173,0.506802976,0.40010637,0.491455019,0.33316043,0.516795039,0.701764107,0.301215023,0.298112839,0.324374706,0.634615183,0.098084383,0.276322871,0.29908672,0.572577357,0.071974844,0.22714825,0.246936262,0.731266141,0.032894254,0.402881652,Donkey kick
0.884767056,0.597251117,0.902986884,0.581914186,0.90318948,0.58016181,0.903320789,0.578176677,0.902358294,0.579006135,0.901956558,0.57497257,0.901164293,0.57023865,0.886807501,0.551667094,0.88076365,0.540174007,0.856497765,0.591782272,0.855474114,0.586974084,0.740565896,0.533082128,0.748478889,0.529384375,0.689755619,0.695873618,0.685609758,0.705711424,0.696046352,0.854442477,0.70182693,0.890715957,0.734087586,0.868658543,0.741124392,0.911234021,0.74342078,0.875651181,0.754510343,0.90652734,0.725380659,0.873122215,0.732500851,0.901377797,0.442143589,0.619862556,0.425495058,0.582569361,0.408805907,0.846544385,0.167288095,0.525211453,0.171403319,0.803546488,0.162175715,0.263548225,0.146549016,0.757179916,0.19347012,0.229032248,0.073694408,0.878487587,0.05641517,0.213900238,Donkey kick
0.275685668,0.372425199,0.26957345,0.34582141,0.270909905,0.343764603,0.272118956,0.3417795,0.260308206,0.353009522,0.253436923,0.356352866,0.243712276,0.361700475,0.257676601,0.356492668,0.212557703,0.390280396,0.277945727,0.397001535,0.266054451,0.411226094,0.298331648,0.442413002,0.23535499,0.581967711,0.421666563,0.533413947,0.366778076,0.655966759,0.57558012,0.581519723,0.501581013,0.710587382,0.617004097,0.602565825,0.542760015,0.74940747,0.619555175,0.596777081,0.548006237,0.727199793,0.600437641,0.594598114,0.536551535,0.712446451,0.507259786,0.598325849,0.469805062,0.66494137,0.665826142,0.282083631,0.480489731,0.375734299,0.737305164,0.624910593,0.571352243,0.699460328,0.715056121,0.707003593,0.560097516,0.760636926,0.836858749,0.734942555,0.650917232,0.779618323,Heel touch
0.714855671,0.433828533,0.730547667,0.430289596,0.734463334,0.437539369,0.739089131,0.444742382,0.725732386,0.415223181,0.725444794,0.410230309,0.725472331,0.405407876,0.759592056,0.47345832,0.736519516,0.417375684,0.712697923,0.464589894,0.706824243,0.444439769,0.725680709,0.628012657,0.697545111,0.430463612,0.598906815,0.721605539,0.585760057,0.463248938,0.480002016,0.782103062,0.489623129,0.471199304,0.44654721,0.806876361,0.463967979,0.460684299,0.439997494,0.777139902,0.473055989,0.474036247,0.449147403,0.763296247,0.475592524,0.475301415,0.534699321,0.661779404,0.522073746,0.557127059,0.457337081,0.415498435,0.411612928,0.307191461,0.383318424,0.737176061,0.363591522,0.585564256,0.384034365,0.798595369,0.371444166,0.635940075,0.290521413,0.830441296,0.277162254,0.64782232,Heel touch
0.694367945,0.2708745,0.71137625,0.268240958,0.715276122,0.273941755,0.71958375,0.280864865,0.704063654,0.257774234,0.702596903,0.255420506,0.701283872,0.253442615,0.73135221,0.323234856,0.707975268,0.278811544,0.690933466,0.300970376,0.683472097,0.287720323,0.691518247,0.475980699,0.636303902,0.331521928,0.588542759,0.584617198,0.532195747,0.426393569,0.494054437,0.665414453,0.43184346,0.460709095,0.464637071,0.716888249,0.411916316,0.474455535,0.452388614,0.6978845,0.413516134,0.477464139,0.458794504,0.677571714,0.423798382,0.478969842,0.505177021,0.561724365,0.4529939,0.495903015,0.433887124,0.29653573,0.269180924,0.226077139,0.419181556,0.688459873,0.260213017,0.576989055,0.435731083,0.71966511,0.276066422,0.629920363,0.349272072,0.787249565,0.177660763,0.670838833,Heel touch
0.596554995,0.474368781,0.614385247,0.473143607,0.617563605,0.479770035,0.62087667,0.486807048,0.610336304,0.459931523,0.610247374,0.456573755,0.61018312,0.453460872,0.632142067,0.515324593,0.619013309,0.475425541,0.590134144,0.502789021,0.585840702,0.486779451,0.571221054,0.646863401,0.572097182,0.498553902,0.447470486,0.714083374,0.481618494,0.471751988,0.337578326,0.765412927,0.395554036,0.417375654,0.309058934,0.790198207,0.370653212,0.391494721,0.302812636,0.782776713,0.372453779,0.399769306,0.312132835,0.768454671,0.380108982,0.410374165,0.382353246,0.676605463,0.373957098,0.594756246,0.29989624,0.453432351,0.267582476,0.387645453,0.223610878,0.784730375,0.195461825,0.643238842,0.23190622,0.828903139,0.199180722,0.680450559,0.137735486,0.855716765,0.112377152,0.70485884,Heel touch
0.657510996,0.217169389,0.664080501,0.208276168,0.666630626,0.208644599,0.669379354,0.209054321,0.656406164,0.207063198,0.653499544,0.206502378,0.65076369,0.20580174,0.673666954,0.218503922,0.649424672,0.212070405,0.660506845,0.230883121,0.651442468,0.229502112,0.692295134,0.290917635,0.613896132,0.284534484,0.732350945,0.194699258,0.581297219,0.180376798,0.688752353,0.087890625,0.621185541,0.09078449,0.683592379,0.069371253,0.636709988,0.072441101,0.677295268,0.068660289,0.639429331,0.073885322,0.675311685,0.075133055,0.635689497,0.080550522,0.672511756,0.528298974,0.620931685,0.521659553,0.731714845,0.645804644,0.556439102,0.649780273,0.803577006,0.800246119,0.496254116,0.811057448,0.797377408,0.820851266,0.488178015,0.834689856,0.809440851,0.839141011,0.47083649,0.853245139,Jumping jacks
0.689084589,0.28194648,0.69008559,0.269672602,0.691897929,0.269665688,0.694016814,0.269831955,0.681954145,0.269447982,0.678419411,0.269282222,0.674740791,0.269559056,0.695189059,0.275777489,0.666602731,0.276622504,0.69255197,0.293936312,0.682996988,0.293584228,0.722092628,0.32629028,0.640193105,0.329420447,0.770715296,0.267626286,0.589025974,0.280208766,0.811883748,0.192170113,0.53870368,0.204052269,0.824531555,0.171706617,0.523124218,0.187350512,0.821542501,0.167836547,0.524767041,0.180865198,0.81612885,0.175320238,0.530543208,0.186247796,0.707402766,0.542584419,0.657366991,0.545926511,0.73839438,0.665145218,0.626321137,0.66860348,0.767710924,0.79774785,0.595255375,0.802886069,0.761863768,0.816978395,0.600191653,0.820410967,0.782858372,0.856876969,0.580955923,0.863986731,Jumping jacks
0.295473635,0.242573649,0.302980155,0.228702575,0.307057261,0.228965491,0.311257035,0.229369119,0.292277843,0.227479503,0.289405286,0.22699599,0.286757141,0.226797774,0.317721307,0.239977986,0.285663635,0.237529323,0.304017067,0.257892907,0.290763378,0.255735695,0.346404821,0.309879482,0.255328625,0.305875182,0.408623636,0.248973325,0.195995674,0.258037746,0.434699178,0.151039988,0.146842271,0.1599859,0.44252497,0.118838191,0.131120801,0.130982846,0.436202705,0.114490628,0.135062754,0.12415836,0.431644797,0.125599295,0.141735703,0.135230333,0.317875385,0.55775553,0.259106457,0.553272009,0.350623757,0.704784989,0.230374694,0.722920656,0.386525244,0.869446754,0.205673724,0.885021985,0.385546327,0.890293896,0.213273421,0.91141367,0.392126352,0.943087399,0.176157251,0.951735675,Jumping jacks
0.865065813,0.575138628,0.881062388,0.594598889,0.881606221,0.599862695,0.882292151,0.605147541,0.880503178,0.591478288,0.880630195,0.594328761,0.880937219,0.597425163,0.874649525,0.64472878,0.87404263,0.633777857,0.848093569,0.59286803,0.846919894,0.588174462,0.798457861,0.715011895,0.77691865,0.651122928,0.923459768,0.730004728,0.858492374,0.624080062,0.885406494,0.711119771,0.878670096,0.68211937,0.883832455,0.704756618,0.880912423,0.693417668,0.877724171,0.705193758,0.877741694,0.694800556,0.874340117,0.703561366,0.872904658,0.688516021,0.489499032,0.68681699,0.488615155,0.654705703,0.311983407,0.500841677,0.315051585,0.502006888,0.115631729,0.369507283,0.126763463,0.379631579,0.070476949,0.388969123,0.081796408,0.401071668,0.099493496,0.23158291,0.110868901,0.247201145,legraise
0.732560813,0.559550881,0.748363554,0.555204093,0.750469029,0.558355808,0.752796888,0.561653733,0.746655226,0.552758694,0.747280359,0.554081261,0.748042405,0.555608809,0.764487982,0.591884792,0.758790493,0.582940042,0.728966057,0.584554791,0.727501512,0.580315411,0.739655733,0.709815145,0.716935337,0.644450784,0.749448836,0.585872769,0.725195885,0.532264769,0.789833724,0.616621077,0.767208815,0.582988977,0.801659584,0.624163508,0.780802369,0.591926336,0.800138235,0.63351655,0.777262449,0.604978263,0.793848038,0.633735657,0.770558774,0.606544912,0.498481303,0.706134498,0.500773787,0.661050022,0.354460061,0.512193322,0.368673801,0.501401186,0.197041482,0.336103857,0.213808268,0.347090274,0.169655591,0.347498059,0.187502801,0.360222071,0.17117545,0.213068306,0.195492297,0.223801211,legraise
0.747873545,0.735285878,0.761986136,0.751683354,0.762044311,0.756156921,0.762216508,0.761140108,0.762163877,0.748674929,0.762341142,0.750943482,0.762760162,0.753405511,0.757220149,0.795620143,0.757739782,0.785041749,0.733753264,0.748928487,0.733838737,0.743404984,0.696792781,0.845498979,0.683783233,0.797602952,0.588829756,0.877321184,0.571844161,0.82346791,0.48460713,0.884184778,0.474203169,0.838905096,0.453477144,0.896820724,0.443977892,0.835988343,0.448404253,0.888620317,0.441110522,0.84293592,0.459468901,0.882328093,0.452363104,0.842535973,0.494133383,0.811695874,0.490773588,0.778268456,0.511160254,0.498884678,0.508795559,0.498177767,0.499424875,0.202350453,0.499419689,0.200590372,0.474123001,0.166765451,0.472608089,0.169206798,0.536919832,0.088690221,0.535950303,0.091826439,legraise
0.232424289,0.71981293,0.213257015,0.734001279,0.213137344,0.73586309,0.21315366,0.737915695,0.213607281,0.738009453,0.213635236,0.742127419,0.213711768,0.746633053,0.224410236,0.764260471,0.223323032,0.774252176,0.255846709,0.723692894,0.256591141,0.728341043,0.36457324,0.752568126,0.329831928,0.814946294,0.544067323,0.785218596,0.516062737,0.851256371,0.724483788,0.804869771,0.695771456,0.877710998,0.768728733,0.805698216,0.75280118,0.897732735,0.773660898,0.810881257,0.759847403,0.886772156,0.756304622,0.812149405,0.743256927,0.876163244,0.678335965,0.736990869,0.670052648,0.777341485,0.614215851,0.491867959,0.602552176,0.512376368,0.583094835,0.239093736,0.58288753,0.239426762,0.613820255,0.199668288,0.610892713,0.193477809,0.490656614,0.174169347,0.489890814,0.170913637,legraise
0.709516346,0.682549119,0.719144464,0.675616324,0.719355464,0.675983787,0.719481111,0.676120341,0.718218923,0.668634176,0.717772603,0.663740456,0.71717304,0.658488274,0.713977575,0.658666015,0.711045146,0.636786819,0.699224353,0.683191597,0.697673559,0.676157355,0.648144066,0.666484714,0.664311826,0.660560131,0.652540565,0.77901125,0.673050761,0.777058184,0.67050457,0.869558096,0.68703711,0.893351555,0.686885059,0.879029572,0.706012726,0.90933913,0.691286504,0.881436706,0.709127963,0.903646648,0.684128046,0.879747868,0.703439534,0.899503589,0.53286314,0.655249953,0.517455816,0.642163336,0.614428878,0.768112004,0.405984402,0.745475888,0.50947088,0.788503051,0.281539083,0.764239848,0.490219682,0.765310049,0.259155691,0.810867906,0.494874775,0.85518527,0.267189026,0.804549456,mountain
0.217705578,0.595286846,0.21287328,0.576778054,0.213926047,0.574323773,0.21495235,0.571651757,0.212342352,0.577017307,0.213036835,0.574867368,0.213709265,0.57252425,0.229964465,0.552753627,0.227824181,0.552930415,0.233110577,0.597105801,0.232940197,0.597851813,0.300781131,0.57767415,0.317223728,0.571932256,0.303708255,0.737824082,0.321221292,0.715981543,0.295353591,0.89962405,0.307014823,0.84875381,0.272066593,0.915535927,0.285988688,0.849455655,0.264538765,0.907090485,0.281671315,0.8535496,0.275819033,0.903913379,0.290081978,0.859075606,0.499018282,0.592294097,0.472671568,0.612956762,0.624505401,0.686002851,0.368835211,0.713097215,0.74906075,0.788912117,0.504581749,0.786352813,0.776506603,0.781325161,0.530135393,0.770713031,0.738106012,0.892013669,0.489142746,0.870196939,mountain
0.822845161,0.493821055,0.842712879,0.483989656,0.84301275,0.481232107,0.843336344,0.478009939,0.843243301,0.480685383,0.843857586,0.476004422,0.844489932,0.470400691,0.837622941,0.429204673,0.838650107,0.421799242,0.802746058,0.47774896,0.802350521,0.472953379,0.716719806,0.381919444,0.737669408,0.399727464,0.714690268,0.585863948,0.726566792,0.625190735,0.724926472,0.762793303,0.750753522,0.833125234,0.752624214,0.765414059,0.783028185,0.849428773,0.759220839,0.770271063,0.78530407,0.833223939,0.748838305,0.772511959,0.777142227,0.829918742,0.461179882,0.404316187,0.487857431,0.421298295,0.271952093,0.556071639,0.618655622,0.678833842,0.08829695,0.693186879,0.393326789,0.703887105,0.052415609,0.687953949,0.368243009,0.658863544,0.097700745,0.788725734,0.326858729,0.809985578,mountain
0.132714897,0.37469551,0.121311933,0.349108875,0.122270159,0.344849825,0.123291492,0.339930296,0.120256692,0.350759685,0.120495908,0.348014623,0.120700188,0.34485656,0.142409563,0.304492354,0.138489038,0.311475188,0.152583361,0.373488069,0.152205765,0.376788288,0.233961016,0.306244254,0.242076725,0.294894397,0.267992288,0.535221696,0.271071166,0.512590826,0.25237602,0.76597333,0.263413578,0.702869356,0.222180873,0.785926461,0.228162348,0.719301224,0.21448952,0.771322727,0.224737734,0.726469874,0.22663711,0.764890194,0.239380032,0.723021507,0.464127243,0.395762861,0.475265503,0.38884896,0.376508534,0.684539557,0.646569848,0.517144918,0.565471113,0.558763623,0.817767739,0.596584201,0.578394115,0.509724736,0.861318946,0.590011179,0.65336287,0.609388113,0.802002788,0.715050101,mountain
0.781355858,0.561457753,0.783577263,0.537135482,0.782474577,0.534514546,0.781138361,0.531518459,0.783102036,0.53803575,0.781936884,0.536523402,0.780583203,0.534734726,0.76248008,0.513067842,0.765143871,0.521767676,0.769057631,0.57128489,0.76807344,0.571403921,0.684842467,0.54496026,0.70696342,0.591894388,0.665829539,0.734923899,0.689028025,0.789265156,0.736577034,0.750760257,0.763435721,0.786686003,0.762861848,0.752023458,0.789271116,0.785387456,0.762159646,0.73882091,0.786399186,0.766158342,0.752469778,0.735828161,0.777703643,0.761889398,0.523907602,0.602679908,0.52900964,0.635730207,0.375572354,0.635954857,0.368443131,0.659819365,0.232547492,0.653807223,0.209188759,0.661998153,0.205564648,0.633170307,0.17833364,0.636429369,0.212178618,0.755132914,0.188205123,0.783438861,plank
0.144834697,0.451979697,0.130776465,0.439452082,0.131687313,0.43338114,0.133112252,0.42742461,0.1292772,0.453219593,0.128831536,0.456673801,0.128533393,0.460056365,0.142842829,0.416778862,0.134675637,0.461405843,0.162368909,0.440610617,0.157809466,0.459259123,0.240465954,0.373531163,0.208572835,0.52509433,0.361444801,0.309737265,0.197062343,0.635477483,0.449427783,0.39118737,0.169091359,0.667518973,0.462405294,0.418207645,0.150915861,0.679864883,0.446998775,0.421278208,0.151695788,0.67079711,0.442118585,0.416866183,0.159890711,0.664343715,0.474686772,0.464915901,0.452613145,0.554580808,0.662436724,0.546489358,0.650412977,0.600894392,0.842622042,0.611467481,0.835167944,0.637124479,0.86517185,0.622383356,0.859766364,0.645326793,0.907166898,0.613316178,0.901788175,0.651287019,plank
0.213970661,0.271412194,0.195658788,0.274323046,0.194662094,0.275999516,0.193455398,0.277689189,0.194992214,0.276074648,0.193641275,0.278833866,0.191922471,0.282228112,0.189694136,0.306641549,0.188581184,0.313509047,0.223849207,0.29120189,0.222868308,0.294850677,0.256999,0.39846161,0.232928798,0.429002076,0.255662143,0.559503555,0.234387383,0.610116243,0.277100116,0.689186335,0.247362614,0.780271649,0.293222606,0.705031037,0.269385934,0.803986609,0.293823183,0.701927066,0.277426094,0.791252434,0.288542688,0.698627114,0.272709966,0.777783096,0.46312955,0.495416671,0.457853466,0.52632159,0.611833811,0.587372839,0.609957516,0.616211176,0.752199888,0.700803995,0.764172018,0.729927063,0.761453152,0.733199716,0.77259922,0.766103446,0.82096231,0.651837707,0.853473544,0.734573245,plank
0.509547,0.385983,0.798564,0.342179,0.745329,0.348976,0.687431,0.339087,0.768943,0.31456,0.765409,0.295643,0.794379,0.309876,0.56783,0.278643,0.654921,0.271365,0.448679,0.365713,0.654891,0.379142,0.557289,0.290851,0.57891,0.36721,0.56731,0.496741,0.389216,0.590871,0.561809,0.668215,0.558901,0.790321,0.590356,0.665421,0.481952,0.790831,0.698103,0.673109,0.591073,0.792045,0.59812,0.680267,0.693086,0.790345,0.398014,0.473051,0.389105,0.498262,0.197603,0.492105,0.198703,0.679025,0.109427,0.509431,0.094713,0.519803,0.097015,0.502895,0.086519,0.489216,0.105983,0.572341,0.076346,0.579861,pushup
0.795690894,0.323665202,0.808978677,0.294816315,0.808302641,0.290471077,0.807603598,0.285884768,0.808194637,0.29360953,0.807052612,0.289249063,0.805942059,0.284801781,0.788370192,0.245638177,0.78899169,0.251583189,0.77512306,0.328288496,0.775169909,0.323796749,0.668778896,0.261807382,0.678747058,0.351414382,0.6455791,0.497875541,0.673781633,0.649026155,0.678412557,0.686632395,0.705843925,0.86987108,0.698805094,0.680540383,0.7390939,0.879084826,0.701854944,0.685061872,0.740939617,0.864671588,0.694439888,0.690749466,0.72903049,0.860300779,0.431134939,0.489721835,0.429525524,0.547326982,0.319018185,0.72915113,0.28908959,0.792859316,0.19483602,0.535904229,0.157686442,0.523437858,0.155288786,0.509931743,0.143894196,0.440564752,0.125241071,0.574448705,0.075994611,0.580811322,pushup
0.407084763,0.384571105,0.413967729,0.369205117,0.415303916,0.368620932,0.416627377,0.367831647,0.40878284,0.364547521,0.406136125,0.360323787,0.40268743,0.354797125,0.409538686,0.350601971,0.383715451,0.326881468,0.399627268,0.395404726,0.392979115,0.387547016,0.37960282,0.371031463,0.323589832,0.370049655,0.395462662,0.492039889,0.277645707,0.513334155,0.406782418,0.625721574,0.260558605,0.675540924,0.420050144,0.645627975,0.254815638,0.713530838,0.419213295,0.647996247,0.26897049,0.716229379,0.410491467,0.639591932,0.265949637,0.705067396,0.260120362,0.441362023,0.238381132,0.435722977,0.176843494,0.484960198,0.148947611,0.488455206,0.097934633,0.505378723,0.081188135,0.513581097,0.073295146,0.485556722,0.062351499,0.491013318,0.08704257,0.564077675,0.080732465,0.573697686,pushup
0.416416734,0.245240808,0.418712288,0.225380301,0.42050001,0.22545436,0.422242224,0.225573301,0.409241647,0.224303186,0.402804047,0.223430693,0.396338344,0.223010868,0.415152907,0.233290195,0.377234042,0.230162352,0.415684253,0.269156009,0.404686391,0.268422753,0.423713297,0.342021137,0.32304135,0.335395753,0.505816936,0.344631225,0.386495352,0.340506226,0.57849133,0.322959304,0.478082329,0.312525809,0.589681804,0.305760354,0.513614833,0.305814326,0.586022973,0.2990655,0.516720831,0.301505327,0.581005454,0.304914474,0.511783004,0.304811925,0.350061208,0.600321114,0.281670898,0.593138218,0.469927013,0.646421194,0.353535891,0.658649385,0.437382758,0.873208761,0.298244655,0.890970469,0.416733265,0.906002522,0.281914085,0.920540273,0.498920888,0.93083483,0.324237794,0.969415724,Squats
0.654539585,0.407636851,0.648820162,0.393963963,0.649158001,0.394124478,0.649366617,0.394271344,0.644058049,0.396394312,0.641203642,0.398176789,0.638296187,0.399911314,0.638097823,0.410314709,0.620642722,0.414855868,0.650998592,0.428914338,0.643839002,0.430740982,0.644067049,0.499352515,0.591707289,0.50195694,0.769416213,0.493259847,0.760424733,0.500471234,0.905221581,0.447557896,0.889711082,0.448703229,0.935385704,0.441206366,0.921523869,0.44367826,0.939045548,0.437831134,0.917347729,0.439431995,0.921511471,0.464593679,0.909577608,0.440518945,0.594141245,0.724321842,0.534683287,0.731247544,0.723739743,0.707171559,0.583247304,0.726443708,0.666541159,0.875700414,0.5610376,0.922968984,0.664769471,0.901996374,0.542686403,0.952487826,0.728087842,0.92830348,0.626473367,0.977150559,Squats
0.468481064,0.191383004,0.460585892,0.161434442,0.459591508,0.161168277,0.458115578,0.160828114,0.456386209,0.16138798,0.452452242,0.160998166,0.447666198,0.160994202,0.430219054,0.172636658,0.418772548,0.176017642,0.461618006,0.220744193,0.455777526,0.222126171,0.403202295,0.316649973,0.402125508,0.324507058,0.555275142,0.341722131,0.565977573,0.353136152,0.701465368,0.355957061,0.715304136,0.36821577,0.734466434,0.362358212,0.753432274,0.380984843,0.744179726,0.363352805,0.758743525,0.368036389,0.730054259,0.363039315,0.744631648,0.365928531,0.253172755,0.668042362,0.233559549,0.679697216,0.473508716,0.643974066,0.451602489,0.600696266,0.7102772,0.808944464,0.355924785,0.848158598,0.726281404,0.838326335,0.329586267,0.90370667,0.73493129,0.773920536,0.439349949,0.917007744,Squats
0.257617831,0.483360916,0.252531976,0.453598619,0.253675789,0.450670123,0.255040288,0.447589546,0.252249688,0.452834785,0.253017724,0.449259937,0.254035234,0.445273429,0.271351308,0.428794533,0.270392299,0.425541192,0.271645069,0.48863709,0.270986676,0.489048868,0.325682014,0.45876801,0.334771603,0.426811099,0.23003678,0.423920602,0.236935765,0.394205928,0.118116528,0.349152178,0.13325876,0.345405072,0.094761334,0.3428756,0.108204313,0.335284561,0.094288975,0.333349079,0.106945626,0.333296508,0.102726839,0.33407861,0.117898732,0.335839897,0.53476727,0.619164586,0.526984572,0.577386558,0.695979893,0.56220144,0.684750199,0.530936599,0.854583979,0.455639064,0.831364989,0.430004179,0.858062804,0.419260263,0.832116842,0.369038701,0.925633669,0.462182701,0.898128748,0.450977802,Superman
0.733857632,0.470960915,0.732490242,0.442879826,0.731071353,0.439567029,0.729639292,0.436048746,0.731749535,0.445805728,0.729913116,0.444745541,0.728129268,0.443494767,0.709287941,0.426598132,0.709292412,0.44168222,0.722113967,0.4834975,0.721083641,0.484886527,0.664399981,0.455165982,0.670896173,0.525495887,0.754052401,0.437740564,0.764564157,0.505099595,0.838432908,0.393551588,0.862252474,0.448120892,0.862532973,0.360921711,0.886846423,0.430051476,0.866239011,0.370305538,0.883850813,0.41206941,0.859057546,0.380772054,0.876581669,0.414893776,0.482567757,0.566079199,0.480731577,0.624176383,0.347419173,0.565503597,0.33460471,0.635519087,0.224656388,0.472355723,0.196974605,0.507477522,0.214473397,0.410230041,0.190983593,0.456472516,0.150366038,0.505691886,0.124761462,0.527649641,Superman
0.668859959,0.43192637,0.657288253,0.414627075,0.655818105,0.414472938,0.653856874,0.414238483,0.653649807,0.41963324,0.649838626,0.423319995,0.645477295,0.427093089,0.63322407,0.436613113,0.622132003,0.45329833,0.663930893,0.463177502,0.658770084,0.470094264,0.621435046,0.528368473,0.573357522,0.585148633,0.749090075,0.501044214,0.7150563,0.553000391,0.858584523,0.440796018,0.839735091,0.462677896,0.891181111,0.410642207,0.869367361,0.437835395,0.887151361,0.410389483,0.866395235,0.42887193,0.8752684,0.421663851,0.852659047,0.439228207,0.389866799,0.625864565,0.342674941,0.654657602,0.246559381,0.474140942,0.196053192,0.497637928,0.137421206,0.329709589,0.092438608,0.350554079,0.133733377,0.290478259,0.08205995,0.318465173,0.091022521,0.32975468,0.060406025,0.335873544,Superman
0.79682225,0.574328721,0.797738671,0.550528944,0.796502829,0.548752189,0.794967294,0.547085583,0.796699166,0.551732183,0.794934809,0.55069387,0.793082476,0.549896538,0.770949006,0.530876577,0.772212029,0.539871514,0.784005761,0.587680042,0.782957435,0.588845134,0.705475211,0.546250582,0.723928511,0.60863322,0.804023385,0.580166936,0.836714983,0.668312669,0.902962327,0.588682353,0.96445787,0.672843397,0.924977124,0.578902841,0.999968529,0.679141462,0.928802729,0.581994414,0.995694399,0.660813332,0.923889101,0.588722885,0.981863856,0.656391382,0.467224538,0.599366784,0.461712539,0.666956186,0.296584487,0.539357722,0.274778426,0.663667619,0.152779579,0.463673294,0.09891057,0.546220899,0.140221059,0.426906645,0.086572766,0.502302051,0.078180701,0.471331358,0.009516239,0.545436025,Superman
